{
  "v": "5.7.4",
  "fr": 30,
  "ip": 0,
  "op": 60,
  "w": 200,
  "h": 200,
  "nm": "Loading Animation",
  "ddd": 0,
  "assets": [],
  "layers": [
    {
      "ddd": 0,
      "ind": 1,
      "ty": 4,
      "nm": "Circle",
      "sr": 1,
      "ks": {
        "o": {
          "a": 1,
          "k": [
            {
              "i": {"x": [0.833], "y": [0.833]},
              "o": {"x": [0.167], "y": [0.167]},
              "t": 0,
              "s": [100]
            },
            {
              "i": {"x": [0.833], "y": [0.833]},
              "o": {"x": [0.167], "y": [0.167]},
              "t": 30,
              "s": [50]
            },
            {
              "t": 60,
              "s": [100]
            }
          ]
        },
        "r": {
          "a": 1,
          "k": [
            {
              "i": {"x": [0.833], "y": [0.833]},
              "o": {"x": [0.167], "y": [0.167]},
              "t": 0,
              "s": [0]
            },
            {
              "t": 60,
              "s": [360]
            }
          ]
        },
        "p": {"a": 0, "k": [100, 100, 0]},
        "a": {"a": 0, "k": [0, 0, 0]},
        "s": {
          "a": 1,
          "k": [
            {
              "i": {"x": [0.833, 0.833, 0.833], "y": [0.833, 0.833, 0.833]},
              "o": {"x": [0.167, 0.167, 0.167], "y": [0.167, 0.167, 0.167]},
              "t": 0,
              "s": [50, 50, 100]
            },
            {
              "i": {"x": [0.833, 0.833, 0.833], "y": [0.833, 0.833, 0.833]},
              "o": {"x": [0.167, 0.167, 0.167], "y": [0.167, 0.167, 0.167]},
              "t": 30,
              "s": [100, 100, 100]
            },
            {
              "t": 60,
              "s": [50, 50, 100]
            }
          ]
        }
      },
      "ao": 0,
      "shapes": [
        {
          "ty": "gr",
          "it": [
            {
              "d": 1,
              "ty": "el",
              "s": {"a": 0, "k": [80, 80]},
              "p": {"a": 0, "k": [0, 0]},
              "nm": "Ellipse Path 1",
              "mn": "ADBE Vector Shape - Ellipse"
            },
            {
              "ty": "st",
              "c": {"a": 0, "k": [1, 1, 1, 1]},
              "o": {"a": 0, "k": 100},
              "w": {"a": 0, "k": 8},
              "lc": 2,
              "lj": 1,
              "ml": 4,
              "bm": 0,
              "nm": "Stroke 1",
              "mn": "ADBE Vector Graphic - Stroke"
            },
            {
              "ty": "gf",
              "o": {"a": 0, "k": 100},
              "r": 1,
              "bm": 0,
              "g": {
                "p": 3,
                "k": {
                  "a": 0,
                  "k": [
                    0,
                    1, 0.843, 0,
                    0.5,
                    0.5, 0.5, 1,
                    1,
                    0, 0.4, 0.8
                  ]
                }
              },
              "s": {"a": 0, "k": [-40, -40]},
              "e": {"a": 0, "k": [40, 40]},
              "t": 1,
              "nm": "Gradient Fill 1",
              "mn": "ADBE Vector Graphic - G-Fill"
            },
            {
              "ty": "tr",
              "p": {"a": 0, "k": [0, 0]},
              "a": {"a": 0, "k": [0, 0]},
              "s": {"a": 0, "k": [100, 100]},
              "r": {"a": 0, "k": 0},
              "o": {"a": 0, "k": 100},
              "sk": {"a": 0, "k": 0},
              "sa": {"a": 0, "k": 0},
              "nm": "Transform"
            }
          ],
          "nm": "Ellipse 1",
          "np": 3,
          "cix": 2,
          "bm": 0,
          "ix": 1,
          "mn": "ADBE Vector Group"
        }
      ],
      "ip": 0,
      "op": 60,
      "st": 0,
      "bm": 0
    }
  ],
  "markers": []
}
