{"assets":[],"layers":[{"ddd":0,"ind":0,"ty":4,"nm":"å¯¹å¾","ks":{"o":{"k":100},"r":{"k":0},"p":{"k":[397,300,0]},"a":{"k":[0,0,0]},"s":{"k":[100,100,100]}},"ao":0,"shapes":[{"ty":"gr","it":[{"ind":0,"ty":"sh","ks":{"k":{"i":[[0,0],[0,0],[0,0]],"o":[[0,0],[0,0],[0,0]],"v":[[-46.375,2.625],[-10,39],[57.75,-28.75]],"c":false}},"nm":"è·¯å¾ 1","mn":"ADBE Vector Shape - Group"},{"ty":"tm","s":{"k":[{"i":{"x":[0.667],"y":[0.667]},"o":{"x":[0.333],"y":[0.333]},"n":["0p667_0p667_0p333_0p333"],"t":15,"s":[0],"e":[0]},{"i":{"x":[0.667],"y":[1]},"o":{"x":[0.333],"y":[0.229]},"n":["0p667_1_0p333_0p229"],"t":18,"s":[0],"e":[5]},{"i":{"x":[0.833],"y":[1]},"o":{"x":[0.333],"y":[0]},"n":["0p833_1_0p333_0"],"t":21,"s":[5],"e":[0]},{"t":24}],"ix":1},"e":{"k":[{"i":{"x":[0.667],"y":[1]},"o":{"x":[0.333],"y":[0]},"n":["0p667_1_0p333_0"],"t":15,"s":[0],"e":[100]},{"i":{"x":[0.833],"y":[1]},"o":{"x":[0.333],"y":[0]},"n":["0p833_1_0p333_0"],"t":21,"s":[100],"e":[97]},{"t":24}],"ix":2},"o":{"k":0,"ix":3},"m":1,"ix":2,"nm":"ä¿®åªè·¯å¾ 1","mn":"ADBE Vector Filter - Trim"},{"ty":"st","c":{"k":[1,1,1,1]},"o":{"k":100},"w":{"k":12},"lc":1,"lj":1,"ml":4,"nm":"æè¾¹ 1","mn":"ADBE Vector Graphic - Stroke"},{"ty":"tr","p":{"k":[0,0],"ix":2},"a":{"k":[0,0],"ix":1},"s":{"k":[100,100],"ix":3},"r":{"k":0,"ix":6},"o":{"k":100,"ix":7},"sk":{"k":0,"ix":4},"sa":{"k":0,"ix":5},"nm":"åæ¢"}],"nm":"å½¢ç¶ 1","np":4,"mn":"ADBE Vector Group"}],"ip":0,"op":25,"st":0,"bm":0,"sr":1},{"ddd":0,"ind":1,"ty":4,"nm":"å°å","ks":{"o":{"k":100},"r":{"k":0},"p":{"k":[400,299,0]},"a":{"k":[8,0,0]},"s":{"k":[{"i":{"x":[0.683,0.683,0.667],"y":[1.602,1.602,0.667]},"o":{"x":[0.134,0.134,0.333],"y":[0,0,0.333]},"n":["0p683_1p602_0p134_0","0p683_1p602_0p134_0","0p667_0p667_0p333_0p333"],"t":11,"s":[0,0,100],"e":[100,100,100]},{"t":19.86328125}]}},"ao":0,"shapes":[{"ty":"gr","it":[{"d":1,"ty":"el","s":{"k":[196,196]},"p":{"k":[0,0]},"nm":"æ¤­åè·¯å¾ 1","mn":"ADBE Vector Shape - Ellipse"},{"ty":"fl","c":{"k":[0,1,0.45,1]},"o":{"k":100},"nm":"å¡«å 1","mn":"ADBE Vector Graphic - Fill"},{"ty":"tr","p":{"k":[7,0],"ix":2},"a":{"k":[0,0],"ix":1},"s":{"k":[100,100],"ix":3},"r":{"k":0,"ix":6},"o":{"k":100,"ix":7},"sk":{"k":0,"ix":4},"sa":{"k":0,"ix":5},"nm":"åæ¢"}],"nm":"æ¤­å 1","np":3,"mn":"ADBE Vector Group"},{"ty":"tm","s":{"k":0,"ix":1},"e":{"k":100,"ix":2},"o":{"k":0,"ix":3},"m":1,"ix":2,"nm":"ä¿®åªè·¯å¾ 1","mn":"ADBE Vector Filter - Trim"},{"ty":"fl","c":{"k":[0,1,0.45,1]},"o":{"k":100},"nm":"å¡«å 1","mn":"ADBE Vector Graphic - Fill"}],"ip":0,"op":25,"st":0,"bm":0,"sr":1},{"ddd":0,"ind":2,"ty":4,"nm":"å¤§å","ks":{"o":{"k":100},"r":{"k":0},"p":{"k":[400,299,0]},"a":{"k":[8,0,0]},"s":{"k":[100,100,100]}},"ao":0,"shapes":[{"ty":"gr","it":[{"d":1,"ty":"el","s":{"k":[196,196]},"p":{"k":[0,0]},"nm":"æ¤­åè·¯å¾ 1","mn":"ADBE Vector Shape - Ellipse"},{"ty":"st","c":{"k":[0,1,0.45,1]},"o":{"k":100},"w":{"k":10},"lc":1,"lj":1,"ml":4,"nm":"æè¾¹ 1","mn":"ADBE Vector Graphic - Stroke"},{"ty":"tr","p":{"k":[7,0],"ix":2},"a":{"k":[0,0],"ix":1},"s":{"k":[100,100],"ix":3},"r":{"k":0,"ix":6},"o":{"k":100,"ix":7},"sk":{"k":0,"ix":4},"sa":{"k":0,"ix":5},"nm":"åæ¢"}],"nm":"æ¤­å 1","np":3,"mn":"ADBE Vector Group"},{"ty":"tm","s":{"k":0,"ix":1},"e":{"k":[{"i":{"x":[0.304],"y":[1]},"o":{"x":[0.266],"y":[0]},"n":["0p304_1_0p266_0"],"t":0,"s":[0],"e":[100]},{"t":10}],"ix":2},"o":{"k":0,"ix":3},"m":1,"ix":2,"nm":"ä¿®åªè·¯å¾ 1","mn":"ADBE Vector Filter - Trim"},{"ty":"st","c":{"k":[0,1,0.45,1]},"o":{"k":100},"w":{"k":10},"lc":1,"lj":1,"ml":4,"nm":"æè¾¹ 1","mn":"ADBE Vector Graphic - Stroke"}],"ip":0,"op":25,"st":0,"bm":0,"sr":1},{"ddd":0,"ind":3,"ty":1,"nm":"ç½è² çº¯è² 1","ks":{"o":{"k":100},"r":{"k":0},"p":{"k":[400,300,0]},"a":{"k":[400,300,0]},"s":{"k":[100,100,100]}},"ao":0,"sw":800,"sh":600,"sc":"#ffffff","ip":0,"op":25,"st":0,"bm":0,"sr":1}],"v":"4.5.4","ddd":0,"ip":0,"op":30,"fr":25,"w":800,"h":600}